   16 bytes at 0x80041920, allocated at 0x80012d60
   16 bytes at 0x80041930, allocated at 0x80012d60
   16 bytes at 0x80041940, allocated at 0x80012d60
   16 bytes at 0x80041950, allocated at 0x80012d60
   16 bytes at 0x80041970, allocated at 0x80012d60
   16 bytes at 0x80041980, allocated at 0x80012d60
   16 bytes at 0x80041990, allocated at 0x80012d60
   16 bytes at 0x800419a0, allocated at 0x80012d60
   16 bytes at 0x800419b0, allocated at 0x80012d60
   16 bytes at 0x800419c0, allocated at 0x80012d60
   16 bytes at 0x800419d0, allocated at 0x80012d60
   16 bytes at 0x800419e0, allocated at 0x80012d60
   16 bytes at 0x800419f0, allocated at 0x80012d60
   16 bytes at 0x80041a00, allocated at 0x80012d60
   16 bytes at 0x80041a10, allocated at 0x80012d60
   16 bytes at 0x80041a20, allocated at 0x80012d60
   16 bytes at 0x80041a30, allocated at 0x80012d60
   16 bytes at 0x80041a40, allocated at 0x80012d60
   16 bytes at 0x80041a50, allocated at 0x80012d60
   16 bytes at 0x80041a60, allocated at 0x80012d60
   16 bytes at 0x80041a70, allocated at 0x80012d60
   16 bytes at 0x80041a80, allocated at 0x80012d60
   16 bytes at 0x80041a90, allocated at 0x80012d60
   16 bytes at 0x80041aa0, allocated at 0x80012d60
   16 bytes at 0x80041ab0, allocated at 0x80012d60
   16 bytes at 0x80041ac0, allocated at 0x80012d60
   16 bytes at 0x80041ad0, allocated at 0x80012d60
   16 bytes at 0x80041ae0, allocated at 0x80012d60
   16 bytes at 0x80041af0, allocated at 0x80012d60
   16 bytes at 0x80041b00, allocated at 0x80012d60
   16 bytes at 0x80041b10, allocated at 0x80012d60
   16 bytes at 0x80041b20, allocated at 0x80012d60
   16 bytes at 0x80041b30, allocated at 0x80012d60
   16 bytes at 0x80041b40, allocated at 0x80012d60
   16 bytes at 0x80041b50, allocated at 0x80012d60
   16 bytes at 0x80041b60, allocated at 0x80012d60
   16 bytes at 0x80041b70, allocated at 0x80012d60
   16 bytes at 0x80041b80, allocated at 0x80012d60
   16 bytes at 0x80041b90, allocated at 0x80012d60
   16 bytes at 0x80041ba0, allocated at 0x80012d60
   16 bytes at 0x80041bb0, allocated at 0x80012d60
   16 bytes at 0x80041bc0, allocated at 0x80012d60
   16 bytes at 0x80041bd0, allocated at 0x80012d60
   16 bytes at 0x80041be0, allocated at 0x80012d60
   16 bytes at 0x80041bf0, allocated at 0x80012d60
   16 bytes at 0x80041c00, allocated at 0x80012d60
   16 bytes at 0x80041c10, allocated at 0x80012d60
   16 bytes at 0x80041c20, allocated at 0x80012d60
   16 bytes at 0x80041c30, allocated at 0x80012d60
   16 bytes at 0x80041c40, allocated at 0x80012d60
   16 bytes at 0x80041c50, allocated at 0x80012d60
   16 bytes at 0x80041c60, allocated at 0x80012d60
   16 bytes at 0x80041c70, allocated at 0x80012d60
   16 bytes at 0x80041c80, allocated at 0x80012d60
   16 bytes at 0x80041c90, allocated at 0x80012d60
   16 bytes at 0x80041ca0, allocated at 0x80012d60
   16 bytes at 0x80041cb0, allocated at 0x80012d60
   16 bytes at 0x80041cc0, allocated at 0x80012d60
   16 bytes at 0x80041cd0, allocated at 0x80012d60
   16 bytes at 0x80041ce0, allocated at 0x80012d60
   16 bytes at 0x80041cf0, allocated at 0x80012d60
   16 bytes at 0x80041d00, allocated at 0x80012d60
   16 bytes at 0x80041d10, allocated at 0x80012d60
   16 bytes at 0x80041d20, allocated at 0x80012d60
   16 bytes at 0x80041d30, allocated at 0x80012d60
   16 bytes at 0x80041d40, allocated at 0x80012d60
   16 bytes at 0x80041d50, allocated at 0x80012d60
   16 bytes at 0x80041d60, allocated at 0x80012d60
   16 bytes at 0x80041d70, allocated at 0x80012d60
   16 bytes at 0x80041d80, allocated at 0x80012d60
   16 bytes at 0x80041d90, allocated at 0x80012d60
   16 bytes at 0x80041da0, allocated at 0x80012d60
   16 bytes at 0x80041db0, allocated at 0x80012d60
   16 bytes at 0x80041dc0, allocated at 0x80012d60
   16 bytes at 0x80041dd0, allocated at 0x80012d60
   16 bytes at 0x80041de0, allocated at 0x80012d60
   16 bytes at 0x80041df0, allocated at 0x80012d60
   16 bytes at 0x80041e00, allocated at 0x80012d60
   16 bytes at 0x80041e10, allocated at 0x80012d60
   16 bytes at 0x80041e20, allocated at 0x80012d60
   16 bytes at 0x80041e30, allocated at 0x80012d60
   16 bytes at 0x80041e40, allocated at 0x80012d60
   16 bytes at 0x80041e50, allocated at 0x80012d60
   16 bytes at 0x80041e60, allocated at 0x80012d60
   16 bytes at 0x80041e70, allocated at 0x80012d60
   16 bytes at 0x80041e80, allocated at 0x80012d60
   16 bytes at 0x80041e90, allocated at 0x80012d60
   16 bytes at 0x80041ea0, allocated at 0x80012d60
   16 bytes at 0x80041eb0, allocated at 0x80012d60
   16 bytes at 0x80041f20, allocated at 0x80012d60
   32 bytes at 0x801c7e00, allocated at 0x800210a0
   32 bytes at 0x801c7e20, allocated at 0x8002160c
   32 bytes at 0x801c7e40, allocated at 0x800210a0
   32 bytes at 0x801c7e60, allocated at 0x800210a0
   32 bytes at 0x801c7e80, allocated at 0x800210a0
   32 bytes at 0x801c7ec0, allocated at 0x80025784
   32 bytes at 0x801c7ee0, allocated at 0x800210a0
   32 bytes at 0x800c3000, allocated at 0x800210a0
   32 bytes at 0x800c3020, allocated at 0x8002160c
   32 bytes at 0x800c3040, allocated at 0x800210a0
   32 bytes at 0x800c3060, allocated at 0x800210a0
   32 bytes at 0x800c3080, allocated at 0x800210a0
   32 bytes at 0x800c30a0, allocated at 0x800210a0
   32 bytes at 0x800c30c0, allocated at 0x80025784
   32 bytes at 0x800c30e0, allocated at 0x800210a0
   32 bytes at 0x800c3100, allocated at 0x8002160c
   32 bytes at 0x800c3120, allocated at 0x800210a0
   32 bytes at 0x800c3140, allocated at 0x800210a0
   32 bytes at 0x800c3160, allocated at 0x800210a0
   32 bytes at 0x800c31a0, allocated at 0x80025784
   32 bytes at 0x800c3260, allocated at 0x800210a0
   32 bytes at 0x800c33a0, allocated at 0x800210a0
   32 bytes at 0x800c33c0, allocated at 0x8002160c
   32 bytes at 0x800c33e0, allocated at 0x800210a0
   32 bytes at 0x800c3400, allocated at 0x800210a0
   32 bytes at 0x800c3420, allocated at 0x800210a0
   32 bytes at 0x800c3440, allocated at 0x800210a0
   32 bytes at 0x800c3460, allocated at 0x80025784
   32 bytes at 0x800c3480, allocated at 0x800210a0
   32 bytes at 0x800c34a0, allocated at 0x8002160c
   32 bytes at 0x800c34c0, allocated at 0x800210a0
   32 bytes at 0x800c34e0, allocated at 0x800210a0
   32 bytes at 0x800c3500, allocated at 0x800210a0
   32 bytes at 0x800c3520, allocated at 0x800210a0
   32 bytes at 0x800c3540, allocated at 0x80025784
   32 bytes at 0x800c3560, allocated at 0x80012d60
   32 bytes at 0x800c3580, allocated at 0x800210a0
   32 bytes at 0x800c35a0, allocated at 0x80012d60
   32 bytes at 0x800c35c0, allocated at 0x8002160c
   32 bytes at 0x800c35e0, allocated at 0x800210a0
   32 bytes at 0x800c3600, allocated at 0x800210a0
   32 bytes at 0x800c3620, allocated at 0x800210a0
   32 bytes at 0x800c3640, allocated at 0x80012d60
   32 bytes at 0x800c3660, allocated at 0x800210a0
   32 bytes at 0x800c3680, allocated at 0x80012d60
   32 bytes at 0x800c36a0, allocated at 0x80025784
   32 bytes at 0x800c3840, allocated at 0x800210a0
   32 bytes at 0x800c3860, allocated at 0x8002160c
   32 bytes at 0x800c3880, allocated at 0x800210a0
   32 bytes at 0x800c38a0, allocated at 0x800210a0
   32 bytes at 0x800c38c0, allocated at 0x800210a0
   32 bytes at 0x800c38e0, allocated at 0x800210a0
   32 bytes at 0x800c3900, allocated at 0x80025784
   32 bytes at 0x800c3920, allocated at 0x800210a0
   32 bytes at 0x800c3940, allocated at 0x8002160c
   32 bytes at 0x800c3960, allocated at 0x800210a0
   32 bytes at 0x800c3980, allocated at 0x800210a0
   32 bytes at 0x800c39a0, allocated at 0x800210a0
   32 bytes at 0x800c39e0, allocated at 0x80025784
   32 bytes at 0x800c3a00, allocated at 0x800210a0
   32 bytes at 0x800c3aa0, allocated at 0x800210a0
   32 bytes at 0x800c3ac0, allocated at 0x8002160c
   32 bytes at 0x800c3ae0, allocated at 0x800210a0
   32 bytes at 0x800c3b00, allocated at 0x800210a0
   32 bytes at 0x800c3b20, allocated at 0x800210a0
   32 bytes at 0x800c3b60, allocated at 0x80025784
   32 bytes at 0x800c3b80, allocated at 0x800210a0
   32 bytes at 0x800c3cc0, allocated at 0x800210a0
   32 bytes at 0x800c3ce0, allocated at 0x8002160c
   32 bytes at 0x800c3d00, allocated at 0x800210a0
   32 bytes at 0x800c3d20, allocated at 0x800210a0
   32 bytes at 0x800c3d40, allocated at 0x800210a0
   32 bytes at 0x800c3d80, allocated at 0x80025784
   32 bytes at 0x800c3da0, allocated at 0x800210a0
   32 bytes at 0x800c3e40, allocated at 0x80012d60
   32 bytes at 0x800c3e60, allocated at 0x800210a0
   32 bytes at 0x800c3e80, allocated at 0x80012d60
   32 bytes at 0x800c3ea0, allocated at 0x8002160c
   32 bytes at 0x800c3ec0, allocated at 0x800210a0
   32 bytes at 0x800c3ee0, allocated at 0x800210a0
   32 bytes at 0x800c3f00, allocated at 0x800210a0
   32 bytes at 0x800c3f20, allocated at 0x80012d60
   32 bytes at 0x800c3f40, allocated at 0x800210a0
   32 bytes at 0x800c3f60, allocated at 0x80012d60
   32 bytes at 0x800c3f80, allocated at 0x80025784
   32 bytes at 0x800c3fe0, allocated at 0x800210a0
   32 bytes at 0x8003e000, allocated at 0x8002160c
   32 bytes at 0x8003e020, allocated at 0x800210a0
   32 bytes at 0x8003e060, allocated at 0x800210a0
   32 bytes at 0x8003e080, allocated at 0x800210a0
   32 bytes at 0x8003e0e0, allocated at 0x80012d60
   32 bytes at 0x8003e1c0, allocated at 0x800210a0
   32 bytes at 0x8003e1e0, allocated at 0x8002160c
   32 bytes at 0x8003e200, allocated at 0x800210a0
   32 bytes at 0x8003e220, allocated at 0x800210a0
   32 bytes at 0x8003e240, allocated at 0x800210a0
   32 bytes at 0x8003e260, allocated at 0x800210a0
   32 bytes at 0x8003e280, allocated at 0x80025784
   32 bytes at 0x8003e2a0, allocated at 0x80012d60
   32 bytes at 0x8003e2c0, allocated at 0x800210a0
   32 bytes at 0x8003e2e0, allocated at 0x80012d60
   32 bytes at 0x8003e300, allocated at 0x8002160c
   32 bytes at 0x8003e320, allocated at 0x800210a0
   32 bytes at 0x8003e340, allocated at 0x800210a0
   32 bytes at 0x8003e360, allocated at 0x800210a0
   32 bytes at 0x8003e380, allocated at 0x80012d60
   32 bytes at 0x8003e3a0, allocated at 0x800210a0
   32 bytes at 0x8003e3c0, allocated at 0x80012d60
   32 bytes at 0x8003e3e0, allocated at 0x80025784
   32 bytes at 0x8003e400, allocated at 0x80012d60
   32 bytes at 0x8003e4e0, allocated at 0x80012d60
   32 bytes at 0x8003e500, allocated at 0x800210a0
   32 bytes at 0x8003e520, allocated at 0x80012d60
   32 bytes at 0x8003e540, allocated at 0x8002160c
   32 bytes at 0x8003e560, allocated at 0x800210a0
   32 bytes at 0x8003e580, allocated at 0x800210a0
   32 bytes at 0x8003e5a0, allocated at 0x800210a0
   32 bytes at 0x8003e5c0, allocated at 0x80012d60
   32 bytes at 0x8003e5e0, allocated at 0x800210a0
   32 bytes at 0x8003e600, allocated at 0x80012d60
   32 bytes at 0x8003e620, allocated at 0x80025784
   32 bytes at 0x8003e6a0, allocated at 0x80012d60
   32 bytes at 0x8003e6c0, allocated at 0x80012d60
   32 bytes at 0x8003e6e0, allocated at 0x800210a0
   32 bytes at 0x8003e700, allocated at 0x80012d60
   32 bytes at 0x8003e720, allocated at 0x8002160c
   32 bytes at 0x8003e840, allocated at 0x80012d60
   32 bytes at 0x8003e860, allocated at 0x800210a0
   32 bytes at 0x8003e880, allocated at 0x80015410
   32 bytes at 0x8003ed20, allocated at 0x80025784
   32 bytes at 0x8003ed40, allocated at 0x800210a0
   64 bytes at 0x801af980, allocated at 0x800239f0
   64 bytes at 0x801af9c0, allocated at 0x80012d60
   64 bytes at 0x801afa00, allocated at 0x800239f0
   64 bytes at 0x801afa40, allocated at 0x80012d60
   64 bytes at 0x801afa80, allocated at 0x800239f0
   64 bytes at 0x801afac0, allocated at 0x8002629c
   64 bytes at 0x801afb00, allocated at 0x800239f0
   64 bytes at 0x801afb40, allocated at 0x8002629c
   64 bytes at 0x801afb80, allocated at 0x800239f0
   64 bytes at 0x801afbc0, allocated at 0x8002629c
   64 bytes at 0x801afc00, allocated at 0x800239f0
   64 bytes at 0x801afd40, allocated at 0x80012d60
   64 bytes at 0x801afd80, allocated at 0x80012d60
   64 bytes at 0x801afec0, allocated at 0x800239f0
   64 bytes at 0x801aff00, allocated at 0x80012d60
   64 bytes at 0x801aff40, allocated at 0x800239f0
   64 bytes at 0x801aff80, allocated at 0x80012d60
   64 bytes at 0x801affc0, allocated at 0x800239f0
   64 bytes at 0x80169000, allocated at 0x800239f0
   64 bytes at 0x80169040, allocated at 0x8002629c
   64 bytes at 0x80169080, allocated at 0x800239f0
   64 bytes at 0x801690c0, allocated at 0x8002629c
   64 bytes at 0x80169100, allocated at 0x800239f0
   64 bytes at 0x80169140, allocated at 0x80012d60
   64 bytes at 0x80169180, allocated at 0x80012d60
   64 bytes at 0x801692c0, allocated at 0x800239f0
   64 bytes at 0x80169300, allocated at 0x80012d60
   64 bytes at 0x80169340, allocated at 0x800239f0
   64 bytes at 0x80169380, allocated at 0x80012d60
   64 bytes at 0x801693c0, allocated at 0x800239f0
   64 bytes at 0x80169400, allocated at 0x8002629c
   64 bytes at 0x80169440, allocated at 0x800239f0
   64 bytes at 0x80169480, allocated at 0x8002629c
   64 bytes at 0x801694c0, allocated at 0x800239f0
   64 bytes at 0x80169500, allocated at 0x8002629c
   64 bytes at 0x80169580, allocated at 0x80012d60
   64 bytes at 0x80169600, allocated at 0x800239f0
   64 bytes at 0x80169700, allocated at 0x80012d60
   64 bytes at 0x80169800, allocated at 0x800239f0
   64 bytes at 0x80169840, allocated at 0x80012d60
   64 bytes at 0x80169880, allocated at 0x800239f0
   64 bytes at 0x801698c0, allocated at 0x80012d60
   64 bytes at 0x80169900, allocated at 0x800239f0
   64 bytes at 0x80169940, allocated at 0x8002629c
   64 bytes at 0x80169980, allocated at 0x800239f0
   64 bytes at 0x801699c0, allocated at 0x8002629c
   64 bytes at 0x80169a00, allocated at 0x800239f0
   64 bytes at 0x80169a40, allocated at 0x8002629c
   64 bytes at 0x80169a80, allocated at 0x800239f0
   64 bytes at 0x80169ac0, allocated at 0x80012d60
   64 bytes at 0x80169b00, allocated at 0x80012d60
   64 bytes at 0x80169c40, allocated at 0x800239f0
   64 bytes at 0x80169c80, allocated at 0x80012d60
   64 bytes at 0x80169cc0, allocated at 0x800239f0
   64 bytes at 0x80169d00, allocated at 0x80012d60
   64 bytes at 0x80169d40, allocated at 0x800239f0
   64 bytes at 0x80169d80, allocated at 0x8002629c
   64 bytes at 0x80169dc0, allocated at 0x800239f0
   64 bytes at 0x80169e00, allocated at 0x8002629c
   64 bytes at 0x80169e40, allocated at 0x800239f0
   64 bytes at 0x80169e80, allocated at 0x8002629c
   64 bytes at 0x80169ec0, allocated at 0x800239f0
   64 bytes at 0x80169f00, allocated at 0x80012d60
   64 bytes at 0x80169f40, allocated at 0x80012d60
   64 bytes at 0x8010d040, allocated at 0x800239f0
   64 bytes at 0x8010d080, allocated at 0x800239f0
   64 bytes at 0x8010d0c0, allocated at 0x800239f0
   64 bytes at 0x8010d100, allocated at 0x8002629c
   64 bytes at 0x8010d140, allocated at 0x800239f0
   64 bytes at 0x8010d180, allocated at 0x8002629c
   64 bytes at 0x8010d200, allocated at 0x8002629c
   64 bytes at 0x8010d240, allocated at 0x800239f0
   64 bytes at 0x8010d2c0, allocated at 0x800239f0
   64 bytes at 0x8010d380, allocated at 0x800239f0
   64 bytes at 0x8010d3c0, allocated at 0x80012d60
   64 bytes at 0x8010d400, allocated at 0x800239f0
   64 bytes at 0x8010d440, allocated at 0x80012d60
   64 bytes at 0x8010d480, allocated at 0x800239f0
   64 bytes at 0x8010d4c0, allocated at 0x8002629c
   64 bytes at 0x8010d500, allocated at 0x800239f0
   64 bytes at 0x8010d540, allocated at 0x8002629c
   64 bytes at 0x8010d580, allocated at 0x800239f0
   64 bytes at 0x8010d5c0, allocated at 0x8002629c
   64 bytes at 0x8010d600, allocated at 0x800239f0
   64 bytes at 0x8010d640, allocated at 0x80012d60
   64 bytes at 0x8010d680, allocated at 0x80012d60
   64 bytes at 0x8010d7c0, allocated at 0x800239f0
   64 bytes at 0x8010d800, allocated at 0x80012d60
   64 bytes at 0x8010d840, allocated at 0x800239f0
   64 bytes at 0x8010d880, allocated at 0x80012d60
   64 bytes at 0x8010d8c0, allocated at 0x800239f0
   64 bytes at 0x8010d900, allocated at 0x8002629c
   64 bytes at 0x8010d940, allocated at 0x800239f0
   64 bytes at 0x8010d980, allocated at 0x8002629c
   64 bytes at 0x8010d9c0, allocated at 0x800239f0
   64 bytes at 0x8010da00, allocated at 0x8002629c
   64 bytes at 0x8010da40, allocated at 0x800239f0
   64 bytes at 0x8010db80, allocated at 0x80012d60
   64 bytes at 0x8010dbc0, allocated at 0x80012d60
   64 bytes at 0x8010dc80, allocated at 0x800239f0
   64 bytes at 0x8010dcc0, allocated at 0x80012d60
   64 bytes at 0x8010dd00, allocated at 0x800239f0
   64 bytes at 0x8010dd40, allocated at 0x80012d60
   64 bytes at 0x8010dd80, allocated at 0x800239f0
   64 bytes at 0x8010ddc0, allocated at 0x8002629c
   64 bytes at 0x8010de00, allocated at 0x800239f0
   64 bytes at 0x8010de40, allocated at 0x8002629c
   64 bytes at 0x8010de80, allocated at 0x800239f0
   64 bytes at 0x8010dec0, allocated at 0x8002629c
   64 bytes at 0x8010df00, allocated at 0x800239f0
   64 bytes at 0x8010df40, allocated at 0x80012d60
   64 bytes at 0x8010df80, allocated at 0x80012d60
   64 bytes at 0x80098100, allocated at 0x800239f0
   64 bytes at 0x80098140, allocated at 0x80012d60
   64 bytes at 0x80098180, allocated at 0x800239f0
   64 bytes at 0x800981c0, allocated at 0x80012d60
   64 bytes at 0x80098200, allocated at 0x800239f0
   64 bytes at 0x80098240, allocated at 0x8002629c
   64 bytes at 0x80098280, allocated at 0x800239f0
   64 bytes at 0x800982c0, allocated at 0x8002629c
   64 bytes at 0x80098300, allocated at 0x800239f0
   64 bytes at 0x80098340, allocated at 0x8002629c
   64 bytes at 0x80098400, allocated at 0x80012d60
   64 bytes at 0x80098480, allocated at 0x800239f0
   64 bytes at 0x800984c0, allocated at 0x80012d60
   64 bytes at 0x80098580, allocated at 0x800239f0
   64 bytes at 0x800985c0, allocated at 0x800239f0
   64 bytes at 0x80098600, allocated at 0x800239f0
   64 bytes at 0x80098640, allocated at 0x8002629c
   64 bytes at 0x80098680, allocated at 0x800239f0
   64 bytes at 0x800986c0, allocated at 0x8002629c
   64 bytes at 0x80098700, allocated at 0x800239f0
   64 bytes at 0x80098740, allocated at 0x8002629c
   64 bytes at 0x80098780, allocated at 0x800239f0
   64 bytes at 0x80098840, allocated at 0x800239f0
   64 bytes at 0x80098880, allocated at 0x80012d60
   64 bytes at 0x800988c0, allocated at 0x800239f0
   64 bytes at 0x80098900, allocated at 0x80012d60
   64 bytes at 0x80098940, allocated at 0x800239f0
   64 bytes at 0x80098980, allocated at 0x8002629c
   64 bytes at 0x800989c0, allocated at 0x800239f0
   64 bytes at 0x80098a00, allocated at 0x8002629c
   64 bytes at 0x80098a40, allocated at 0x800239f0
   64 bytes at 0x80098a80, allocated at 0x8002629c
   64 bytes at 0x80098ac0, allocated at 0x800239f0
   64 bytes at 0x80098b00, allocated at 0x8002629c
   64 bytes at 0x80098b40, allocated at 0x80012d60
   64 bytes at 0x80098c00, allocated at 0x80012d60
   64 bytes at 0x80098d40, allocated at 0x800239f0
   64 bytes at 0x80098d80, allocated at 0x80012d60
   64 bytes at 0x80098dc0, allocated at 0x800239f0
   64 bytes at 0x80098e00, allocated at 0x80012d60
   64 bytes at 0x80098e40, allocated at 0x800239f0
   64 bytes at 0x80098e80, allocated at 0x8002629c
   64 bytes at 0x80098ec0, allocated at 0x800239f0
   64 bytes at 0x80098f00, allocated at 0x8002629c
   64 bytes at 0x80098f40, allocated at 0x800239f0
   64 bytes at 0x80098f80, allocated at 0x8002629c
   64 bytes at 0x80098fc0, allocated at 0x800239f0
   64 bytes at 0x8003c000, allocated at 0x80012d60
   64 bytes at 0x8003c040, allocated at 0x80012d60
   64 bytes at 0x8003c180, allocated at 0x800239f0
   64 bytes at 0x8003c1c0, allocated at 0x800239f0
   64 bytes at 0x8003c200, allocated at 0x800239f0
   64 bytes at 0x8003c240, allocated at 0x8002629c
   64 bytes at 0x8003c280, allocated at 0x800239f0
   64 bytes at 0x8003c300, allocated at 0x800239f0
   64 bytes at 0x8003c340, allocated at 0x8002629c
   64 bytes at 0x8003c380, allocated at 0x800239f0
   64 bytes at 0x8003c3c0, allocated at 0x8002629c
   64 bytes at 0x8003c480, allocated at 0x800239f0
   64 bytes at 0x8003c4c0, allocated at 0x800239f0
   64 bytes at 0x8003c500, allocated at 0x800239f0
   64 bytes at 0x8003c540, allocated at 0x8002629c
   64 bytes at 0x8003c580, allocated at 0x800239f0
   64 bytes at 0x8003c5c0, allocated at 0x8002629c
   64 bytes at 0x8003c600, allocated at 0x800239f0
   64 bytes at 0x8003c640, allocated at 0x8002629c
   64 bytes at 0x8003c680, allocated at 0x800239f0
   64 bytes at 0x8003c740, allocated at 0x800239f0
   64 bytes at 0x8003c780, allocated at 0x800239f0
   64 bytes at 0x8003c9c0, allocated at 0x800239f0
  128 bytes at 0x80040c00, allocated at 0x8002234c
  128 bytes at 0x80040c80, allocated at 0x8002234c
  128 bytes at 0x80040d80, allocated at 0x8002234c
  256 bytes at 0x801b0f00, allocated at 0x800257c8
  256 bytes at 0x800f1100, allocated at 0x800257c8
  256 bytes at 0x800f1200, allocated at 0x800257c8
  256 bytes at 0x800f1400, allocated at 0x800257c8
  256 bytes at 0x800f1700, allocated at 0x800257c8
  256 bytes at 0x800f1800, allocated at 0x800257c8
  256 bytes at 0x800f1b00, allocated at 0x800257c8
  256 bytes at 0x800f1e00, allocated at 0x800257c8
  256 bytes at 0x800f1f00, allocated at 0x800257c8
  256 bytes at 0x8003f200, allocated at 0x800257c8
  256 bytes at 0x8003f500, allocated at 0x800257c8
  256 bytes at 0x8003f600, allocated at 0x800257c8
  256 bytes at 0x8003f800, allocated at 0x800257c8
  256 bytes at 0x8003f900, allocated at 0x800257c8
  256 bytes at 0x8003fa00, allocated at 0x800257c8
 2048 bytes at 0x801e0800, allocated at 0x8001162c
